# Unicode emoji 17.0, from emoji-test.txt by generate.sh
😀	grinning face	smileys & emotion	face-smiling
😃	grinning face with big eyes	smileys & emotion	face-smiling
😄	grinning face with smiling eyes	smileys & emotion	face-smiling
😁	beaming face with smiling eyes	smileys & emotion	face-smiling
😆	grinning squinting face	smileys & emotion	face-smiling
😅	grinning face with sweat	smileys & emotion	face-smiling
🤣	rolling on the floor laughing	smileys & emotion	face-smiling
😂	face with tears of joy	smileys & emotion	face-smiling
🙂	slightly smiling face	smileys & emotion	face-smiling
🙃	upside-down face	smileys & emotion	face-smiling
🫠	melting face	smileys & emotion	face-smiling
😉	winking face	smileys & emotion	face-smiling
😊	smiling face with smiling eyes	smileys & emotion	face-smiling
😇	smiling face with halo	smileys & emotion	face-smiling
🥰	smiling face with hearts	smileys & emotion	face-affection
😍	smiling face with heart-eyes	smileys & emotion	face-affection
🤩	star-struck	smileys & emotion	face-affection
😘	face blowing a kiss	smileys & emotion	face-affection
😗	kissing face	smileys & emotion	face-affection
☺️	smiling face	smileys & emotion	face-affection
😚	kissing face with closed eyes	smileys & emotion	face-affection
😙	kissing face with smiling eyes	smileys & emotion	face-affection
🥲	smiling face with tear	smileys & emotion	face-affection
😋	face savoring food	smileys & emotion	face-tongue
😛	face with tongue	smileys & emotion	face-tongue
😜	winking face with tongue	smileys & emotion	face-tongue
🤪	zany face	smileys & emotion	face-tongue
😝	squinting face with tongue	smileys & emotion	face-tongue
🤑	money-mouth face	smileys & emotion	face-tongue
🤗	smiling face with open hands	smileys & emotion	face-hand
🤭	face with hand over mouth	smileys & emotion	face-hand
🫢	face with open eyes and hand over mouth	smileys & emotion	face-hand
🫣	face with peeking eye	smileys & emotion	face-hand
🤫	shushing face	smileys & emotion	face-hand
🤔	thinking face	smileys & emotion	face-hand
🫡	saluting face	smileys & emotion	face-hand
🤐	zipper-mouth face	smileys & emotion	face-neutral-skeptical
🤨	face with raised eyebrow	smileys & emotion	face-neutral-skeptical
😐	neutral face	smileys & emotion	face-neutral-skeptical
😑	expressionless face	smileys & emotion	face-neutral-skeptical
😶	face without mouth	smileys & emotion	face-neutral-skeptical
🫥	dotted line face	smileys & emotion	face-neutral-skeptical
😶‍🌫️	face in clouds	smileys & emotion	face-neutral-skeptical
😏	smirking face	smileys & emotion	face-neutral-skeptical
😒	unamused face	smileys & emotion	face-neutral-skeptical
🙄	face with rolling eyes	smileys & emotion	face-neutral-skeptical
😬	grimacing face	smileys & emotion	face-neutral-skeptical
😮‍💨	face exhaling	smileys & emotion	face-neutral-skeptical
🤥	lying face	smileys & emotion	face-neutral-skeptical
🫨	shaking face	smileys & emotion	face-neutral-skeptical
🙂‍↔️	head shaking horizontally	smileys & emotion	face-neutral-skeptical
🙂‍↕️	head shaking vertically	smileys & emotion	face-neutral-skeptical
😌	relieved face	smileys & emotion	face-sleepy
😔	pensive face	smileys & emotion	face-sleepy
😪	sleepy face	smileys & emotion	face-sleepy
🤤	drooling face	smileys & emotion	face-sleepy
😴	sleeping face	smileys & emotion	face-sleepy
🫩	face with bags under eyes	smileys & emotion	face-sleepy
😷	face with medical mask	smileys & emotion	face-unwell
🤒	face with thermometer	smileys & emotion	face-unwell
🤕	face with head-bandage	smileys & emotion	face-unwell
🤢	nauseated face	smileys & emotion	face-unwell
🤮	face vomiting	smileys & emotion	face-unwell
🤧	sneezing face	smileys & emotion	face-unwell
🥵	hot face	smileys & emotion	face-unwell
🥶	cold face	smileys & emotion	face-unwell
🥴	woozy face	smileys & emotion	face-unwell
😵	face with crossed-out eyes	smileys & emotion	face-unwell
😵‍💫	face with spiral eyes	smileys & emotion	face-unwell
🤯	exploding head	smileys & emotion	face-unwell
🤠	cowboy hat face	smileys & emotion	face-hat
🥳	partying face	smileys & emotion	face-hat
🥸	disguised face	smileys & emotion	face-hat
😎	smiling face with sunglasses	smileys & emotion	face-glasses
🤓	nerd face	smileys & emotion	face-glasses
🧐	face with monocle	smileys & emotion	face-glasses
😕	confused face	smileys & emotion	face-concerned
🫤	face with diagonal mouth	smileys & emotion	face-concerned
😟	worried face	smileys & emotion	face-concerned
🙁	slightly frowning face	smileys & emotion	face-concerned
☹️	frowning face	smileys & emotion	face-concerned
😮	face with open mouth	smileys & emotion	face-concerned
😯	hushed face	smileys & emotion	face-concerned
😲	astonished face	smileys & emotion	face-concerned
😳	flushed face	smileys & emotion	face-concerned
🫪	distorted face	smileys & emotion	face-concerned
🥺	pleading face	smileys & emotion	face-concerned
🥹	face holding back tears	smileys & emotion	face-concerned
😦	frowning face with open mouth	smileys & emotion	face-concerned
😧	anguished face	smileys & emotion	face-concerned
😨	fearful face	smileys & emotion	face-concerned
😰	anxious face with sweat	smileys & emotion	face-concerned
😥	sad but relieved face	smileys & emotion	face-concerned
😢	crying face	smileys & emotion	face-concerned
😭	loudly crying face	smileys & emotion	face-concerned
😱	face screaming in fear	smileys & emotion	face-concerned
😖	confounded face	smileys & emotion	face-concerned
😣	persevering face	smileys & emotion	face-concerned
😞	disappointed face	smileys & emotion	face-concerned
😓	downcast face with sweat	smileys & emotion	face-concerned
😩	weary face	smileys & emotion	face-concerned
😫	tired face	smileys & emotion	face-concerned
🥱	yawning face	smileys & emotion	face-concerned
😤	face with steam from nose	smileys & emotion	face-negative
😡	enraged face	smileys & emotion	face-negative
😠	angry face	smileys & emotion	face-negative
🤬	face with symbols on mouth	smileys & emotion	face-negative
😈	smiling face with horns	smileys & emotion	face-negative
👿	angry face with horns	smileys & emotion	face-negative
💀	skull	smileys & emotion	face-negative
☠️	skull and crossbones	smileys & emotion	face-negative
💩	pile of poo	smileys & emotion	face-costume
🤡	clown face	smileys & emotion	face-costume
👹	ogre	smileys & emotion	face-costume
👺	goblin	smileys & emotion	face-costume
👻	ghost	smileys & emotion	face-costume
👽	alien	smileys & emotion	face-costume
👾	alien monster	smileys & emotion	face-costume
🤖	robot	smileys & emotion	face-costume
😺	grinning cat	smileys & emotion	cat-face
😸	grinning cat with smiling eyes	smileys & emotion	cat-face
😹	cat with tears of joy	smileys & emotion	cat-face
😻	smiling cat with heart-eyes	smileys & emotion	cat-face
😼	cat with wry smile	smileys & emotion	cat-face
😽	kissing cat	smileys & emotion	cat-face
🙀	weary cat	smileys & emotion	cat-face
😿	crying cat	smileys & emotion	cat-face
😾	pouting cat	smileys & emotion	cat-face
🙈	see-no-evil monkey	smileys & emotion	monkey-face
🙉	hear-no-evil monkey	smileys & emotion	monkey-face
🙊	speak-no-evil monkey	smileys & emotion	monkey-face
💌	love letter	smileys & emotion	heart
💘	heart with arrow	smileys & emotion	heart
💝	heart with ribbon	smileys & emotion	heart
💖	sparkling heart	smileys & emotion	heart
💗	growing heart	smileys & emotion	heart
💓	beating heart	smileys & emotion	heart
💞	revolving hearts	smileys & emotion	heart
💕	two hearts	smileys & emotion	heart
💟	heart decoration	smileys & emotion	heart
❣️	heart exclamation	smileys & emotion	heart
💔	broken heart	smileys & emotion	heart
❤️‍🔥	heart on fire	smileys & emotion	heart
❤️‍🩹	mending heart	smileys & emotion	heart
❤️	red heart	smileys & emotion	heart
🩷	pink heart	smileys & emotion	heart
🧡	orange heart	smileys & emotion	heart
💛	yellow heart	smileys & emotion	heart
💚	green heart	smileys & emotion	heart
💙	blue heart	smileys & emotion	heart
🩵	light blue heart	smileys & emotion	heart
💜	purple heart	smileys & emotion	heart
🤎	brown heart	smileys & emotion	heart
🖤	black heart	smileys & emotion	heart
🩶	grey heart	smileys & emotion	heart
🤍	white heart	smileys & emotion	heart
💋	kiss mark	smileys & emotion	emotion
💯	hundred points	smileys & emotion	emotion
💢	anger symbol	smileys & emotion	emotion
🫯	fight cloud	smileys & emotion	emotion
💥	collision	smileys & emotion	emotion
💫	dizzy	smileys & emotion	emotion
💦	sweat droplets	smileys & emotion	emotion
💨	dashing away	smileys & emotion	emotion
🕳️	hole	smileys & emotion	emotion
💬	speech balloon	smileys & emotion	emotion
👁️‍🗨️	eye in speech bubble	smileys & emotion	emotion
🗨️	left speech bubble	smileys & emotion	emotion
🗯️	right anger bubble	smileys & emotion	emotion
💭	thought balloon	smileys & emotion	emotion
💤	ZZZ	smileys & emotion	emotion
👋	waving hand	people & body	hand-fingers-open
🤚	raised back of hand	people & body	hand-fingers-open
🖐️	hand with fingers splayed	people & body	hand-fingers-open
✋	raised hand	people & body	hand-fingers-open
🖖	vulcan salute	people & body	hand-fingers-open
🫱	rightwards hand	people & body	hand-fingers-open
🫲	leftwards hand	people & body	hand-fingers-open
🫳	palm down hand	people & body	hand-fingers-open
🫴	palm up hand	people & body	hand-fingers-open
🫷	leftwards pushing hand	people & body	hand-fingers-open
🫸	rightwards pushing hand	people & body	hand-fingers-open
👌	OK hand	people & body	hand-fingers-partial
🤌	pinched fingers	people & body	hand-fingers-partial
🤏	pinching hand	people & body	hand-fingers-partial
✌️	victory hand	people & body	hand-fingers-partial
🤞	crossed fingers	people & body	hand-fingers-partial
🫰	hand with index finger and thumb crossed	people & body	hand-fingers-partial
🤟	love-you gesture	people & body	hand-fingers-partial
🤘	sign of the horns	people & body	hand-fingers-partial
🤙	call me hand	people & body	hand-fingers-partial
👈	backhand index pointing left	people & body	hand-single-finger
👉	backhand index pointing right	people & body	hand-single-finger
👆	backhand index pointing up	people & body	hand-single-finger
🖕	middle finger	people & body	hand-single-finger
👇	backhand index pointing down	people & body	hand-single-finger
☝️	index pointing up	people & body	hand-single-finger
🫵	index pointing at the viewer	people & body	hand-single-finger
👍	thumbs up	people & body	hand-fingers-closed
👎	thumbs down	people & body	hand-fingers-closed
✊	raised fist	people & body	hand-fingers-closed
👊	oncoming fist	people & body	hand-fingers-closed
🤛	left-facing fist	people & body	hand-fingers-closed
🤜	right-facing fist	people & body	hand-fingers-closed
👏	clapping hands	people & body	hands
🙌	raising hands	people & body	hands
🫶	heart hands	people & body	hands
👐	open hands	people & body	hands
🤲	palms up together	people & body	hands
🤝	handshake	people & body	hands
🙏	folded hands	people & body	hands
✍️	writing hand	people & body	hand-prop
💅	nail polish	people & body	hand-prop
🤳	selfie	people & body	hand-prop
💪	flexed biceps	people & body	body-parts
🦾	mechanical arm	people & body	body-parts
🦿	mechanical leg	people & body	body-parts
🦵	leg	people & body	body-parts
🦶	foot	people & body	body-parts
👂	ear	people & body	body-parts
🦻	ear with hearing aid	people & body	body-parts
👃	nose	people & body	body-parts
🧠	brain	people & body	body-parts
🫀	anatomical heart	people & body	body-parts
🫁	lungs	people & body	body-parts
🦷	tooth	people & body	body-parts
🦴	bone	people & body	body-parts
👀	eyes	people & body	body-parts
👁️	eye	people & body	body-parts
👅	tongue	people & body	body-parts
👄	mouth	people & body	body-parts
🫦	biting lip	people & body	body-parts
👶	baby	people & body	person
🧒	child	people & body	person
👦	boy	people & body	person
👧	girl	people & body	person
🧑	person	people & body	person
👱	person: blond hair	people & body	person
👨	man	people & body	person
🧔	person: beard	people & body	person
🧔‍♂️	man: beard	people & body	person
🧔‍♀️	woman: beard	people & body	person
👩	woman	people & body	person
👱‍♀️	woman: blond hair	people & body	person
👱‍♂️	man: blond hair	people & body	person
🧓	older person	people & body	person
👴	old man	people & body	person
👵	old woman	people & body	person
🙍	person frowning	people & body	person-gesture
🙍‍♂️	man frowning	people & body	person-gesture
🙍‍♀️	woman frowning	people & body	person-gesture
🙎	person pouting	people & body	person-gesture
🙎‍♂️	man pouting	people & body	person-gesture
🙎‍♀️	woman pouting	people & body	person-gesture
🙅	person gesturing NO	people & body	person-gesture
🙅‍♂️	man gesturing NO	people & body	person-gesture
🙅‍♀️	woman gesturing NO	people & body	person-gesture
🙆	person gesturing OK	people & body	person-gesture
🙆‍♂️	man gesturing OK	people & body	person-gesture
🙆‍♀️	woman gesturing OK	people & body	person-gesture
💁	person tipping hand	people & body	person-gesture
💁‍♂️	man tipping hand	people & body	person-gesture
💁‍♀️	woman tipping hand	people & body	person-gesture
🙋	person raising hand	people & body	person-gesture
🙋‍♂️	man raising hand	people & body	person-gesture
🙋‍♀️	woman raising hand	people & body	person-gesture
🧏	deaf person	people & body	person-gesture
🧏‍♂️	deaf man	people & body	person-gesture
🧏‍♀️	deaf woman	people & body	person-gesture
🙇	person bowing	people & body	person-gesture
🙇‍♂️	man bowing	people & body	person-gesture
🙇‍♀️	woman bowing	people & body	person-gesture
🤦	person facepalming	people & body	person-gesture
🤦‍♂️	man facepalming	people & body	person-gesture
🤦‍♀️	woman facepalming	people & body	person-gesture
🤷	person shrugging	people & body	person-gesture
🤷‍♂️	man shrugging	people & body	person-gesture
🤷‍♀️	woman shrugging	people & body	person-gesture
🧑‍⚕️	health worker	people & body	person-role
👨‍⚕️	man health worker	people & body	person-role
👩‍⚕️	woman health worker	people & body	person-role
🧑‍🎓	student	people & body	person-role
👨‍🎓	man student	people & body	person-role
👩‍🎓	woman student	people & body	person-role
🧑‍🏫	teacher	people & body	person-role
👨‍🏫	man teacher	people & body	person-role
👩‍🏫	woman teacher	people & body	person-role
🧑‍⚖️	judge	people & body	person-role
👨‍⚖️	man judge	people & body	person-role
👩‍⚖️	woman judge	people & body	person-role
🧑‍🌾	farmer	people & body	person-role
👨‍🌾	man farmer	people & body	person-role
👩‍🌾	woman farmer	people & body	person-role
🧑‍🍳	cook	people & body	person-role
👨‍🍳	man cook	people & body	person-role
👩‍🍳	woman cook	people & body	person-role
🧑‍🔧	mechanic	people & body	person-role
👨‍🔧	man mechanic	people & body	person-role
👩‍🔧	woman mechanic	people & body	person-role
🧑‍🏭	factory worker	people & body	person-role
👨‍🏭	man factory worker	people & body	person-role
👩‍🏭	woman factory worker	people & body	person-role
🧑‍💼	office worker	people & body	person-role
👨‍💼	man office worker	people & body	person-role
👩‍💼	woman office worker	people & body	person-role
🧑‍🔬	scientist	people & body	person-role
👨‍🔬	man scientist	people & body	person-role
👩‍🔬	woman scientist	people & body	person-role
🧑‍💻	technologist	people & body	person-role
👨‍💻	man technologist	people & body	person-role
👩‍💻	woman technologist	people & body	person-role
🧑‍🎤	singer	people & body	person-role
👨‍🎤	man singer	people & body	person-role
👩‍🎤	woman singer	people & body	person-role
🧑‍🎨	artist	people & body	person-role
👨‍🎨	man artist	people & body	person-role
👩‍🎨	woman artist	people & body	person-role
🧑‍✈️	pilot	people & body	person-role
👨‍✈️	man pilot	people & body	person-role
👩‍✈️	woman pilot	people & body	person-role
🧑‍🚀	astronaut	people & body	person-role
👨‍🚀	man astronaut	people & body	person-role
👩‍🚀	woman astronaut	people & body	person-role
🧑‍🚒	firefighter	people & body	person-role
👨‍🚒	man firefighter	people & body	person-role
👩‍🚒	woman firefighter	people & body	person-role
👮	police officer	people & body	person-role
👮‍♂️	man police officer	people & body	person-role
👮‍♀️	woman police officer	people & body	person-role
🕵️	detective	people & body	person-role
🕵️‍♂️	man detective	people & body	person-role
🕵️‍♀️	woman detective	people & body	person-role
💂	guard	people & body	person-role
💂‍♂️	man guard	people & body	person-role
💂‍♀️	woman guard	people & body	person-role
🥷	ninja	people & body	person-role
👷	construction worker	people & body	person-role
👷‍♂️	man construction worker	people & body	person-role
👷‍♀️	woman construction worker	people & body	person-role
🫅	person with crown	people & body	person-role
🤴	prince	people & body	person-role
👸	princess	people & body	person-role
👳	person wearing turban	people & body	person-role
👳‍♂️	man wearing turban	people & body	person-role
👳‍♀️	woman wearing turban	people & body	person-role
👲	person with skullcap	people & body	person-role
🧕	woman with headscarf	people & body	person-role
🤵	person in tuxedo	people & body	person-role
🤵‍♂️	man in tuxedo	people & body	person-role
🤵‍♀️	woman in tuxedo	people & body	person-role
👰	person with veil	people & body	person-role
👰‍♂️	man with veil	people & body	person-role
👰‍♀️	woman with veil	people & body	person-role
🤰	pregnant woman	people & body	person-role
🫃	pregnant man	people & body	person-role
🫄	pregnant person	people & body	person-role
🤱	breast-feeding	people & body	person-role
👩‍🍼	woman feeding baby	people & body	person-role
👨‍🍼	man feeding baby	people & body	person-role
🧑‍🍼	person feeding baby	people & body	person-role
👼	baby angel	people & body	person-fantasy
🎅	Santa Claus	people & body	person-fantasy
🤶	Mrs. Claus	people & body	person-fantasy
🧑‍🎄	Mx Claus	people & body	person-fantasy
🦸	superhero	people & body	person-fantasy
🦸‍♂️	man superhero	people & body	person-fantasy
🦸‍♀️	woman superhero	people & body	person-fantasy
🦹	supervillain	people & body	person-fantasy
🦹‍♂️	man supervillain	people & body	person-fantasy
🦹‍♀️	woman supervillain	people & body	person-fantasy
🧙	mage	people & body	person-fantasy
🧙‍♂️	man mage	people & body	person-fantasy
🧙‍♀️	woman mage	people & body	person-fantasy
🧚	fairy	people & body	person-fantasy
🧚‍♂️	man fairy	people & body	person-fantasy
🧚‍♀️	woman fairy	people & body	person-fantasy
🧛	vampire	people & body	person-fantasy
🧛‍♂️	man vampire	people & body	person-fantasy
🧛‍♀️	woman vampire	people & body	person-fantasy
🧜	merperson	people & body	person-fantasy
🧜‍♂️	merman	people & body	person-fantasy
🧜‍♀️	mermaid	people & body	person-fantasy
🧝	elf	people & body	person-fantasy
🧝‍♂️	man elf	people & body	person-fantasy
🧝‍♀️	woman elf	people & body	person-fantasy
🧞	genie	people & body	person-fantasy
🧞‍♂️	man genie	people & body	person-fantasy
🧞‍♀️	woman genie	people & body	person-fantasy
🧟	zombie	people & body	person-fantasy
🧟‍♂️	man zombie	people & body	person-fantasy
🧟‍♀️	woman zombie	people & body	person-fantasy
🧌	troll	people & body	person-fantasy
🫈	hairy creature	people & body	person-fantasy
💆	person getting massage	people & body	person-activity
💆‍♂️	man getting massage	people & body	person-activity
💆‍♀️	woman getting massage	people & body	person-activity
💇	person getting haircut	people & body	person-activity
💇‍♂️	man getting haircut	people & body	person-activity
💇‍♀️	woman getting haircut	people & body	person-activity
🚶	person walking	people & body	person-activity
🚶‍♂️	man walking	people & body	person-activity
🚶‍♀️	woman walking	people & body	person-activity
🚶‍➡️	person walking facing right	people & body	person-activity
🚶‍♀️‍➡️	woman walking facing right	people & body	person-activity
🚶‍♂️‍➡️	man walking facing right	people & body	person-activity
🧍	person standing	people & body	person-activity
🧍‍♂️	man standing	people & body	person-activity
🧍‍♀️	woman standing	people & body	person-activity
🧎	person kneeling	people & body	person-activity
🧎‍♂️	man kneeling	people & body	person-activity
🧎‍♀️	woman kneeling	people & body	person-activity
🧎‍➡️	person kneeling facing right	people & body	person-activity
🧎‍♀️‍➡️	woman kneeling facing right	people & body	person-activity
🧎‍♂️‍➡️	man kneeling facing right	people & body	person-activity
🧑‍🦯	person with white cane	people & body	person-activity
🧑‍🦯‍➡️	person with white cane facing right	people & body	person-activity
👨‍🦯	man with white cane	people & body	person-activity
👨‍🦯‍➡️	man with white cane facing right	people & body	person-activity
👩‍🦯	woman with white cane	people & body	person-activity
👩‍🦯‍➡️	woman with white cane facing right	people & body	person-activity
🧑‍🦼	person in motorized wheelchair	people & body	person-activity
🧑‍🦼‍➡️	person in motorized wheelchair facing right	people & body	person-activity
👨‍🦼	man in motorized wheelchair	people & body	person-activity
👨‍🦼‍➡️	man in motorized wheelchair facing right	people & body	person-activity
👩‍🦼	woman in motorized wheelchair	people & body	person-activity
👩‍🦼‍➡️	woman in motorized wheelchair facing right	people & body	person-activity
🧑‍🦽	person in manual wheelchair	people & body	person-activity
🧑‍🦽‍➡️	person in manual wheelchair facing right	people & body	person-activity
👨‍🦽	man in manual wheelchair	people & body	person-activity
👨‍🦽‍➡️	man in manual wheelchair facing right	people & body	person-activity
👩‍🦽	woman in manual wheelchair	people & body	person-activity
👩‍🦽‍➡️	woman in manual wheelchair facing right	people & body	person-activity
🏃	person running	people & body	person-activity
🏃‍♂️	man running	people & body	person-activity
🏃‍♀️	woman running	people & body	person-activity
🏃‍➡️	person running facing right	people & body	person-activity
🏃‍♀️‍➡️	woman running facing right	people & body	person-activity
🏃‍♂️‍➡️	man running facing right	people & body	person-activity
🧑‍🩰	ballet dancer	people & body	person-activity
💃	woman dancing	people & body	person-activity
🕺	man dancing	people & body	person-activity
🕴️	person in suit levitating	people & body	person-activity
👯	people with bunny ears	people & body	person-activity
👯‍♂️	men with bunny ears	people & body	person-activity
👯‍♀️	women with bunny ears	people & body	person-activity
🧖	person in steamy room	people & body	person-activity
🧖‍♂️	man in steamy room	people & body	person-activity
🧖‍♀️	woman in steamy room	people & body	person-activity
🧗	person climbing	people & body	person-activity
🧗‍♂️	man climbing	people & body	person-activity
🧗‍♀️	woman climbing	people & body	person-activity
🤺	person fencing	people & body	person-sport
🏇	horse racing	people & body	person-sport
⛷️	skier	people & body	person-sport
🏂	snowboarder	people & body	person-sport
🏌️	person golfing	people & body	person-sport
🏌️‍♂️	man golfing	people & body	person-sport
🏌️‍♀️	woman golfing	people & body	person-sport
🏄	person surfing	people & body	person-sport
🏄‍♂️	man surfing	people & body	person-sport
🏄‍♀️	woman surfing	people & body	person-sport
🚣	person rowing boat	people & body	person-sport
🚣‍♂️	man rowing boat	people & body	person-sport
🚣‍♀️	woman rowing boat	people & body	person-sport
🏊	person swimming	people & body	person-sport
🏊‍♂️	man swimming	people & body	person-sport
🏊‍♀️	woman swimming	people & body	person-sport
⛹️	person bouncing ball	people & body	person-sport
⛹️‍♂️	man bouncing ball	people & body	person-sport
⛹️‍♀️	woman bouncing ball	people & body	person-sport
🏋️	person lifting weights	people & body	person-sport
🏋️‍♂️	man lifting weights	people & body	person-sport
🏋️‍♀️	woman lifting weights	people & body	person-sport
🚴	person biking	people & body	person-sport
🚴‍♂️	man biking	people & body	person-sport
🚴‍♀️	woman biking	people & body	person-sport
🚵	person mountain biking	people & body	person-sport
🚵‍♂️	man mountain biking	people & body	person-sport
🚵‍♀️	woman mountain biking	people & body	person-sport
🤸	person cartwheeling	people & body	person-sport
🤸‍♂️	man cartwheeling	people & body	person-sport
🤸‍♀️	woman cartwheeling	people & body	person-sport
🤼	people wrestling	people & body	person-sport
🤼‍♂️	men wrestling	people & body	person-sport
🤼‍♀️	women wrestling	people & body	person-sport
🤽	person playing water polo	people & body	person-sport
🤽‍♂️	man playing water polo	people & body	person-sport
🤽‍♀️	woman playing water polo	people & body	person-sport
🤾	person playing handball	people & body	person-sport
🤾‍♂️	man playing handball	people & body	person-sport
🤾‍♀️	woman playing handball	people & body	person-sport
🤹	person juggling	people & body	person-sport
🤹‍♂️	man juggling	people & body	person-sport
🤹‍♀️	woman juggling	people & body	person-sport
🧘	person in lotus position	people & body	person-resting
🧘‍♂️	man in lotus position	people & body	person-resting
🧘‍♀️	woman in lotus position	people & body	person-resting
🛀	person taking bath	people & body	person-resting
🛌	person in bed	people & body	person-resting
🧑‍🤝‍🧑	people holding hands	people & body	family
👭	women holding hands	people & body	family
👫	woman and man holding hands	people & body	family
👬	men holding hands	people & body	family
💏	kiss	people & body	family
👩‍❤️‍💋‍👨	kiss: woman, man	people & body	family
👨‍❤️‍💋‍👨	kiss: man, man	people & body	family
👩‍❤️‍💋‍👩	kiss: woman, woman	people & body	family
💑	couple with heart	people & body	family
👩‍❤️‍👨	couple with heart: woman, man	people & body	family
👨‍❤️‍👨	couple with heart: man, man	people & body	family
👩‍❤️‍👩	couple with heart: woman, woman	people & body	family
👨‍👩‍👦	family: man, woman, boy	people & body	family
👨‍👩‍👧	family: man, woman, girl	people & body	family
👨‍👩‍👧‍👦	family: man, woman, girl, boy	people & body	family
👨‍👩‍👦‍👦	family: man, woman, boy, boy	people & body	family
👨‍👩‍👧‍👧	family: man, woman, girl, girl	people & body	family
👨‍👨‍👦	family: man, man, boy	people & body	family
👨‍👨‍👧	family: man, man, girl	people & body	family
👨‍👨‍👧‍👦	family: man, man, girl, boy	people & body	family
👨‍👨‍👦‍👦	family: man, man, boy, boy	people & body	family
👨‍👨‍👧‍👧	family: man, man, girl, girl	people & body	family
👩‍👩‍👦	family: woman, woman, boy	people & body	family
👩‍👩‍👧	family: woman, woman, girl	people & body	family
👩‍👩‍👧‍👦	family: woman, woman, girl, boy	people & body	family
👩‍👩‍👦‍👦	family: woman, woman, boy, boy	people & body	family
👩‍👩‍👧‍👧	family: woman, woman, girl, girl	people & body	family
👨‍👦	family: man, boy	people & body	family
👨‍👦‍👦	family: man, boy, boy	people & body	family
👨‍👧	family: man, girl	people & body	family
👨‍👧‍👦	family: man, girl, boy	people & body	family
👨‍👧‍👧	family: man, girl, girl	people & body	family
👩‍👦	family: woman, boy	people & body	family
👩‍👦‍👦	family: woman, boy, boy	people & body	family
👩‍👧	family: woman, girl	people & body	family
👩‍👧‍👦	family: woman, girl, boy	people & body	family
👩‍👧‍👧	family: woman, girl, girl	people & body	family
🗣️	speaking head	people & body	person-symbol
👤	bust in silhouette	people & body	person-symbol
👥	busts in silhouette	people & body	person-symbol
🫂	people hugging	people & body	person-symbol
👪	family	people & body	person-symbol
🧑‍🧑‍🧒	family: adult, adult, child	people & body	person-symbol
🧑‍🧑‍🧒‍🧒	family: adult, adult, child, child	people & body	person-symbol
🧑‍🧒	family: adult, child	people & body	person-symbol
🧑‍🧒‍🧒	family: adult, child, child	people & body	person-symbol
👣	footprints	people & body	person-symbol
🫆	fingerprint	people & body	person-symbol
🐵	monkey face	animals & nature	animal-mammal
🐒	monkey	animals & nature	animal-mammal
🦍	gorilla	animals & nature	animal-mammal
🦧	orangutan	animals & nature	animal-mammal
🐶	dog face	animals & nature	animal-mammal
🐕	dog	animals & nature	animal-mammal
🦮	guide dog	animals & nature	animal-mammal
🐕‍🦺	service dog	animals & nature	animal-mammal
🐩	poodle	animals & nature	animal-mammal
🐺	wolf	animals & nature	animal-mammal
🦊	fox	animals & nature	animal-mammal
🦝	raccoon	animals & nature	animal-mammal
🐱	cat face	animals & nature	animal-mammal
🐈	cat	animals & nature	animal-mammal
🐈‍⬛	black cat	animals & nature	animal-mammal
🦁	lion	animals & nature	animal-mammal
🐯	tiger face	animals & nature	animal-mammal
🐅	tiger	animals & nature	animal-mammal
🐆	leopard	animals & nature	animal-mammal
🐴	horse face	animals & nature	animal-mammal
🫎	moose	animals & nature	animal-mammal
🫏	donkey	animals & nature	animal-mammal
🐎	horse	animals & nature	animal-mammal
🦄	unicorn	animals & nature	animal-mammal
🦓	zebra	animals & nature	animal-mammal
🦌	deer	animals & nature	animal-mammal
🦬	bison	animals & nature	animal-mammal
🐮	cow face	animals & nature	animal-mammal
🐂	ox	animals & nature	animal-mammal
🐃	water buffalo	animals & nature	animal-mammal
🐄	cow	animals & nature	animal-mammal
🐷	pig face	animals & nature	animal-mammal
🐖	pig	animals & nature	animal-mammal
🐗	boar	animals & nature	animal-mammal
🐽	pig nose	animals & nature	animal-mammal
🐏	ram	animals & nature	animal-mammal
🐑	ewe	animals & nature	animal-mammal
🐐	goat	animals & nature	animal-mammal
🐪	camel	animals & nature	animal-mammal
🐫	two-hump camel	animals & nature	animal-mammal
🦙	llama	animals & nature	animal-mammal
🦒	giraffe	animals & nature	animal-mammal
🐘	elephant	animals & nature	animal-mammal
🦣	mammoth	animals & nature	animal-mammal
🦏	rhinoceros	animals & nature	animal-mammal
🦛	hippopotamus	animals & nature	animal-mammal
🐭	mouse face	animals & nature	animal-mammal
🐁	mouse	animals & nature	animal-mammal
🐀	rat	animals & nature	animal-mammal
🐹	hamster	animals & nature	animal-mammal
🐰	rabbit face	animals & nature	animal-mammal
🐇	rabbit	animals & nature	animal-mammal
🐿️	chipmunk	animals & nature	animal-mammal
🦫	beaver	animals & nature	animal-mammal
🦔	hedgehog	animals & nature	animal-mammal
🦇	bat	animals & nature	animal-mammal
🐻	bear	animals & nature	animal-mammal
🐻‍❄️	polar bear	animals & nature	animal-mammal
🐨	koala	animals & nature	animal-mammal
🐼	panda	animals & nature	animal-mammal
🦥	sloth	animals & nature	animal-mammal
🦦	otter	animals & nature	animal-mammal
🦨	skunk	animals & nature	animal-mammal
🦘	kangaroo	animals & nature	animal-mammal
🦡	badger	animals & nature	animal-mammal
🐾	paw prints	animals & nature	animal-mammal
🦃	turkey	animals & nature	animal-bird
🐔	chicken	animals & nature	animal-bird
🐓	rooster	animals & nature	animal-bird
🐣	hatching chick	animals & nature	animal-bird
🐤	baby chick	animals & nature	animal-bird
🐥	front-facing baby chick	animals & nature	animal-bird
🐦	bird	animals & nature	animal-bird
🐧	penguin	animals & nature	animal-bird
🕊️	dove	animals & nature	animal-bird
🦅	eagle	animals & nature	animal-bird
🦆	duck	animals & nature	animal-bird
🦢	swan	animals & nature	animal-bird
🦉	owl	animals & nature	animal-bird
🦤	dodo	animals & nature	animal-bird
🪶	feather	animals & nature	animal-bird
🦩	flamingo	animals & nature	animal-bird
🦚	peacock	animals & nature	animal-bird
🦜	parrot	animals & nature	animal-bird
🪽	wing	animals & nature	animal-bird
🐦‍⬛	black bird	animals & nature	animal-bird
🪿	goose	animals & nature	animal-bird
🐦‍🔥	phoenix	animals & nature	animal-bird
🐸	frog	animals & nature	animal-amphibian
🐊	crocodile	animals & nature	animal-reptile
🐢	turtle	animals & nature	animal-reptile
🦎	lizard	animals & nature	animal-reptile
🐍	snake	animals & nature	animal-reptile
🐲	dragon face	animals & nature	animal-reptile
🐉	dragon	animals & nature	animal-reptile
🦕	sauropod	animals & nature	animal-reptile
🦖	T-Rex	animals & nature	animal-reptile
🐳	spouting whale	animals & nature	animal-marine
🐋	whale	animals & nature	animal-marine
🐬	dolphin	animals & nature	animal-marine
🫍	orca	animals & nature	animal-marine
🦭	seal	animals & nature	animal-marine
🐟	fish	animals & nature	animal-marine
🐠	tropical fish	animals & nature	animal-marine
🐡	blowfish	animals & nature	animal-marine
🦈	shark	animals & nature	animal-marine
🐙	octopus	animals & nature	animal-marine
🐚	spiral shell	animals & nature	animal-marine
🪸	coral	animals & nature	animal-marine
🪼	jellyfish	animals & nature	animal-marine
🦀	crab	animals & nature	animal-marine
🦞	lobster	animals & nature	animal-marine
🦐	shrimp	animals & nature	animal-marine
🦑	squid	animals & nature	animal-marine
🦪	oyster	animals & nature	animal-marine
🐌	snail	animals & nature	animal-bug
🦋	butterfly	animals & nature	animal-bug
🐛	bug	animals & nature	animal-bug
🐜	ant	animals & nature	animal-bug
🐝	honeybee	animals & nature	animal-bug
🪲	beetle	animals & nature	animal-bug
🐞	lady beetle	animals & nature	animal-bug
🦗	cricket	animals & nature	animal-bug
🪳	cockroach	animals & nature	animal-bug
🕷️	spider	animals & nature	animal-bug
🕸️	spider web	animals & nature	animal-bug
🦂	scorpion	animals & nature	animal-bug
🦟	mosquito	animals & nature	animal-bug
🪰	fly	animals & nature	animal-bug
🪱	worm	animals & nature	animal-bug
🦠	microbe	animals & nature	animal-bug
💐	bouquet	animals & nature	plant-flower
🌸	cherry blossom	animals & nature	plant-flower
💮	white flower	animals & nature	plant-flower
🪷	lotus	animals & nature	plant-flower
🏵️	rosette	animals & nature	plant-flower
🌹	rose	animals & nature	plant-flower
🥀	wilted flower	animals & nature	plant-flower
🌺	hibiscus	animals & nature	plant-flower
🌻	sunflower	animals & nature	plant-flower
🌼	blossom	animals & nature	plant-flower
🌷	tulip	animals & nature	plant-flower
🪻	hyacinth	animals & nature	plant-flower
🌱	seedling	animals & nature	plant-other
🪴	potted plant	animals & nature	plant-other
🌲	evergreen tree	animals & nature	plant-other
🌳	deciduous tree	animals & nature	plant-other
🌴	palm tree	animals & nature	plant-other
🌵	cactus	animals & nature	plant-other
🌾	sheaf of rice	animals & nature	plant-other
🌿	herb	animals & nature	plant-other
☘️	shamrock	animals & nature	plant-other
🍀	four leaf clover	animals & nature	plant-other
🍁	maple leaf	animals & nature	plant-other
🍂	fallen leaf	animals & nature	plant-other
🍃	leaf fluttering in wind	animals & nature	plant-other
🪹	empty nest	animals & nature	plant-other
🪺	nest with eggs	animals & nature	plant-other
🍄	mushroom	animals & nature	plant-other
🪾	leafless tree	animals & nature	plant-other
🍇	grapes	food & drink	food-fruit
🍈	melon	food & drink	food-fruit
🍉	watermelon	food & drink	food-fruit
🍊	tangerine	food & drink	food-fruit
🍋	lemon	food & drink	food-fruit
🍋‍🟩	lime	food & drink	food-fruit
🍌	banana	food & drink	food-fruit
🍍	pineapple	food & drink	food-fruit
🥭	mango	food & drink	food-fruit
🍎	red apple	food & drink	food-fruit
🍏	green apple	food & drink	food-fruit
🍐	pear	food & drink	food-fruit
🍑	peach	food & drink	food-fruit
🍒	cherries	food & drink	food-fruit
🍓	strawberry	food & drink	food-fruit
🫐	blueberries	food & drink	food-fruit
🥝	kiwi fruit	food & drink	food-fruit
🍅	tomato	food & drink	food-fruit
🫒	olive	food & drink	food-fruit
🥥	coconut	food & drink	food-fruit
🥑	avocado	food & drink	food-vegetable
🍆	eggplant	food & drink	food-vegetable
🥔	potato	food & drink	food-vegetable
🥕	carrot	food & drink	food-vegetable
🌽	ear of corn	food & drink	food-vegetable
🌶️	hot pepper	food & drink	food-vegetable
🫑	bell pepper	food & drink	food-vegetable
🥒	cucumber	food & drink	food-vegetable
🥬	leafy green	food & drink	food-vegetable
🥦	broccoli	food & drink	food-vegetable
🧄	garlic	food & drink	food-vegetable
🧅	onion	food & drink	food-vegetable
🥜	peanuts	food & drink	food-vegetable
🫘	beans	food & drink	food-vegetable
🌰	chestnut	food & drink	food-vegetable
🫚	ginger root	food & drink	food-vegetable
🫛	pea pod	food & drink	food-vegetable
🍄‍🟫	brown mushroom	food & drink	food-vegetable
🫜	root vegetable	food & drink	food-vegetable
🍞	bread	food & drink	food-prepared
🥐	croissant	food & drink	food-prepared
🥖	baguette bread	food & drink	food-prepared
🫓	flatbread	food & drink	food-prepared
🥨	pretzel	food & drink	food-prepared
🥯	bagel	food & drink	food-prepared
🥞	pancakes	food & drink	food-prepared
🧇	waffle	food & drink	food-prepared
🧀	cheese wedge	food & drink	food-prepared
🍖	meat on bone	food & drink	food-prepared
🍗	poultry leg	food & drink	food-prepared
🥩	cut of meat	food & drink	food-prepared
🥓	bacon	food & drink	food-prepared
🍔	hamburger	food & drink	food-prepared
🍟	french fries	food & drink	food-prepared
🍕	pizza	food & drink	food-prepared
🌭	hot dog	food & drink	food-prepared
🥪	sandwich	food & drink	food-prepared
🌮	taco	food & drink	food-prepared
🌯	burrito	food & drink	food-prepared
🫔	tamale	food & drink	food-prepared
🥙	stuffed flatbread	food & drink	food-prepared
🧆	falafel	food & drink	food-prepared
🥚	egg	food & drink	food-prepared
🍳	cooking	food & drink	food-prepared
🥘	shallow pan of food	food & drink	food-prepared
🍲	pot of food	food & drink	food-prepared
🫕	fondue	food & drink	food-prepared
🥣	bowl with spoon	food & drink	food-prepared
🥗	green salad	food & drink	food-prepared
🍿	popcorn	food & drink	food-prepared
🧈	butter	food & drink	food-prepared
🧂	salt	food & drink	food-prepared
🥫	canned food	food & drink	food-prepared
🍱	bento box	food & drink	food-asian
🍘	rice cracker	food & drink	food-asian
🍙	rice ball	food & drink	food-asian
🍚	cooked rice	food & drink	food-asian
🍛	curry rice	food & drink	food-asian
🍜	steaming bowl	food & drink	food-asian
🍝	spaghetti	food & drink	food-asian
🍠	roasted sweet potato	food & drink	food-asian
🍢	oden	food & drink	food-asian
🍣	sushi	food & drink	food-asian
🍤	fried shrimp	food & drink	food-asian
🍥	fish cake with swirl	food & drink	food-asian
🥮	moon cake	food & drink	food-asian
🍡	dango	food & drink	food-asian
🥟	dumpling	food & drink	food-asian
🥠	fortune cookie	food & drink	food-asian
🥡	takeout box	food & drink	food-asian
🍦	soft ice cream	food & drink	food-sweet
🍧	shaved ice	food & drink	food-sweet
🍨	ice cream	food & drink	food-sweet
🍩	doughnut	food & drink	food-sweet
🍪	cookie	food & drink	food-sweet
🎂	birthday cake	food & drink	food-sweet
🍰	shortcake	food & drink	food-sweet
🧁	cupcake	food & drink	food-sweet
🥧	pie	food & drink	food-sweet
🍫	chocolate bar	food & drink	food-sweet
🍬	candy	food & drink	food-sweet
🍭	lollipop	food & drink	food-sweet
🍮	custard	food & drink	food-sweet
🍯	honey pot	food & drink	food-sweet
🍼	baby bottle	food & drink	drink
🥛	glass of milk	food & drink	drink
☕	hot beverage	food & drink	drink
🫖	teapot	food & drink	drink
🍵	teacup without handle	food & drink	drink
🍶	sake	food & drink	drink
🍾	bottle with popping cork	food & drink	drink
🍷	wine glass	food & drink	drink
🍸	cocktail glass	food & drink	drink
🍹	tropical drink	food & drink	drink
🍺	beer mug	food & drink	drink
🍻	clinking beer mugs	food & drink	drink
🥂	clinking glasses	food & drink	drink
🥃	tumbler glass	food & drink	drink
🫗	pouring liquid	food & drink	drink
🥤	cup with straw	food & drink	drink
🧋	bubble tea	food & drink	drink
🧃	beverage box	food & drink	drink
🧉	mate	food & drink	drink
🧊	ice	food & drink	drink
🥢	chopsticks	food & drink	dishware
🍽️	fork and knife with plate	food & drink	dishware
🍴	fork and knife	food & drink	dishware
🥄	spoon	food & drink	dishware
🔪	kitchen knife	food & drink	dishware
🫙	jar	food & drink	dishware
🏺	amphora	food & drink	dishware
🌍	globe showing Europe-Africa	travel & places	place-map
🌎	globe showing Americas	travel & places	place-map
🌏	globe showing Asia-Australia	travel & places	place-map
🌐	globe with meridians	travel & places	place-map
🗺️	world map	travel & places	place-map
🗾	map of Japan	travel & places	place-map
🧭	compass	travel & places	place-map
🏔️	snow-capped mountain	travel & places	place-geographic
⛰️	mountain	travel & places	place-geographic
🛘	landslide	travel & places	place-geographic
🌋	volcano	travel & places	place-geographic
🗻	mount fuji	travel & places	place-geographic
🏕️	camping	travel & places	place-geographic
🏖️	beach with umbrella	travel & places	place-geographic
🏜️	desert	travel & places	place-geographic
🏝️	desert island	travel & places	place-geographic
🏞️	national park	travel & places	place-geographic
🏟️	stadium	travel & places	place-building
🏛️	classical building	travel & places	place-building
🏗️	building construction	travel & places	place-building
🧱	brick	travel & places	place-building
🪨	rock	travel & places	place-building
🪵	wood	travel & places	place-building
🛖	hut	travel & places	place-building
🏘️	houses	travel & places	place-building
🏚️	derelict house	travel & places	place-building
🏠	house	travel & places	place-building
🏡	house with garden	travel & places	place-building
🏢	office building	travel & places	place-building
🏣	Japanese post office	travel & places	place-building
🏤	post office	travel & places	place-building
🏥	hospital	travel & places	place-building
🏦	bank	travel & places	place-building
🏨	hotel	travel & places	place-building
🏩	love hotel	travel & places	place-building
🏪	convenience store	travel & places	place-building
🏫	school	travel & places	place-building
🏬	department store	travel & places	place-building
🏭	factory	travel & places	place-building
🏯	Japanese castle	travel & places	place-building
🏰	castle	travel & places	place-building
💒	wedding	travel & places	place-building
🗼	Tokyo tower	travel & places	place-building
🗽	Statue of Liberty	travel & places	place-building
⛪	church	travel & places	place-religious
🕌	mosque	travel & places	place-religious
🛕	hindu temple	travel & places	place-religious
🕍	synagogue	travel & places	place-religious
⛩️	shinto shrine	travel & places	place-religious
🕋	kaaba	travel & places	place-religious
⛲	fountain	travel & places	place-other
⛺	tent	travel & places	place-other
🌁	foggy	travel & places	place-other
🌃	night with stars	travel & places	place-other
🏙️	cityscape	travel & places	place-other
🌄	sunrise over mountains	travel & places	place-other
🌅	sunrise	travel & places	place-other
🌆	cityscape at dusk	travel & places	place-other
🌇	sunset	travel & places	place-other
🌉	bridge at night	travel & places	place-other
♨️	hot springs	travel & places	place-other
🎠	carousel horse	travel & places	place-other
🛝	playground slide	travel & places	place-other
🎡	ferris wheel	travel & places	place-other
🎢	roller coaster	travel & places	place-other
💈	barber pole	travel & places	place-other
🎪	circus tent	travel & places	place-other
🚂	locomotive	travel & places	transport-ground
🚃	railway car	travel & places	transport-ground
🚄	high-speed train	travel & places	transport-ground
🚅	bullet train	travel & places	transport-ground
🚆	train	travel & places	transport-ground
🚇	metro	travel & places	transport-ground
🚈	light rail	travel & places	transport-ground
🚉	station	travel & places	transport-ground
🚊	tram	travel & places	transport-ground
🚝	monorail	travel & places	transport-ground
🚞	mountain railway	travel & places	transport-ground
🚋	tram car	travel & places	transport-ground
🚌	bus	travel & places	transport-ground
🚍	oncoming bus	travel & places	transport-ground
🚎	trolleybus	travel & places	transport-ground
🚐	minibus	travel & places	transport-ground
🚑	ambulance	travel & places	transport-ground
🚒	fire engine	travel & places	transport-ground
🚓	police car	travel & places	transport-ground
🚔	oncoming police car	travel & places	transport-ground
🚕	taxi	travel & places	transport-ground
🚖	oncoming taxi	travel & places	transport-ground
🚗	automobile	travel & places	transport-ground
🚘	oncoming automobile	travel & places	transport-ground
🚙	sport utility vehicle	travel & places	transport-ground
🛻	pickup truck	travel & places	transport-ground
🚚	delivery truck	travel & places	transport-ground
🚛	articulated lorry	travel & places	transport-ground
🚜	tractor	travel & places	transport-ground
🏎️	racing car	travel & places	transport-ground
🏍️	motorcycle	travel & places	transport-ground
🛵	motor scooter	travel & places	transport-ground
🦽	manual wheelchair	travel & places	transport-ground
🦼	motorized wheelchair	travel & places	transport-ground
🛺	auto rickshaw	travel & places	transport-ground
🚲	bicycle	travel & places	transport-ground
🛴	kick scooter	travel & places	transport-ground
🛹	skateboard	travel & places	transport-ground
🛼	roller skate	travel & places	transport-ground
🚏	bus stop	travel & places	transport-ground
🛣️	motorway	travel & places	transport-ground
🛤️	railway track	travel & places	transport-ground
🛢️	oil drum	travel & places	transport-ground
⛽	fuel pump	travel & places	transport-ground
🛞	wheel	travel & places	transport-ground
🚨	police car light	travel & places	transport-ground
🚥	horizontal traffic light	travel & places	transport-ground
🚦	vertical traffic light	travel & places	transport-ground
🛑	stop sign	travel & places	transport-ground
🚧	construction	travel & places	transport-ground
⚓	anchor	travel & places	transport-water
🛟	ring buoy	travel & places	transport-water
⛵	sailboat	travel & places	transport-water
🛶	canoe	travel & places	transport-water
🚤	speedboat	travel & places	transport-water
🛳️	passenger ship	travel & places	transport-water
⛴️	ferry	travel & places	transport-water
🛥️	motor boat	travel & places	transport-water
🚢	ship	travel & places	transport-water
✈️	airplane	travel & places	transport-air
🛩️	small airplane	travel & places	transport-air
🛫	airplane departure	travel & places	transport-air
🛬	airplane arrival	travel & places	transport-air
🪂	parachute	travel & places	transport-air
💺	seat	travel & places	transport-air
🚁	helicopter	travel & places	transport-air
🚟	suspension railway	travel & places	transport-air
🚠	mountain cableway	travel & places	transport-air
🚡	aerial tramway	travel & places	transport-air
🛰️	satellite	travel & places	transport-air
🚀	rocket	travel & places	transport-air
🛸	flying saucer	travel & places	transport-air
🛎️	bellhop bell	travel & places	hotel
🧳	luggage	travel & places	hotel
⌛	hourglass done	travel & places	time
⏳	hourglass not done	travel & places	time
⌚	watch	travel & places	time
⏰	alarm clock	travel & places	time
⏱️	stopwatch	travel & places	time
⏲️	timer clock	travel & places	time
🕰️	mantelpiece clock	travel & places	time
🕛	twelve o’clock	travel & places	time
🕧	twelve-thirty	travel & places	time
🕐	one o’clock	travel & places	time
🕜	one-thirty	travel & places	time
🕑	two o’clock	travel & places	time
🕝	two-thirty	travel & places	time
🕒	three o’clock	travel & places	time
🕞	three-thirty	travel & places	time
🕓	four o’clock	travel & places	time
🕟	four-thirty	travel & places	time
🕔	five o’clock	travel & places	time
🕠	five-thirty	travel & places	time
🕕	six o’clock	travel & places	time
🕡	six-thirty	travel & places	time
🕖	seven o’clock	travel & places	time
🕢	seven-thirty	travel & places	time
🕗	eight o’clock	travel & places	time
🕣	eight-thirty	travel & places	time
🕘	nine o’clock	travel & places	time
🕤	nine-thirty	travel & places	time
🕙	ten o’clock	travel & places	time
🕥	ten-thirty	travel & places	time
🕚	eleven o’clock	travel & places	time
🕦	eleven-thirty	travel & places	time
🌑	new moon	travel & places	sky & weather
🌒	waxing crescent moon	travel & places	sky & weather
🌓	first quarter moon	travel & places	sky & weather
🌔	waxing gibbous moon	travel & places	sky & weather
🌕	full moon	travel & places	sky & weather
🌖	waning gibbous moon	travel & places	sky & weather
🌗	last quarter moon	travel & places	sky & weather
🌘	waning crescent moon	travel & places	sky & weather
🌙	crescent moon	travel & places	sky & weather
🌚	new moon face	travel & places	sky & weather
🌛	first quarter moon face	travel & places	sky & weather
🌜	last quarter moon face	travel & places	sky & weather
🌡️	thermometer	travel & places	sky & weather
☀️	sun	travel & places	sky & weather
🌝	full moon face	travel & places	sky & weather
🌞	sun with face	travel & places	sky & weather
🪐	ringed planet	travel & places	sky & weather
⭐	star	travel & places	sky & weather
🌟	glowing star	travel & places	sky & weather
🌠	shooting star	travel & places	sky & weather
🌌	milky way	travel & places	sky & weather
☁️	cloud	travel & places	sky & weather
⛅	sun behind cloud	travel & places	sky & weather
⛈️	cloud with lightning and rain	travel & places	sky & weather
🌤️	sun behind small cloud	travel & places	sky & weather
🌥️	sun behind large cloud	travel & places	sky & weather
🌦️	sun behind rain cloud	travel & places	sky & weather
🌧️	cloud with rain	travel & places	sky & weather
🌨️	cloud with snow	travel & places	sky & weather
🌩️	cloud with lightning	travel & places	sky & weather
🌪️	tornado	travel & places	sky & weather
🌫️	fog	travel & places	sky & weather
🌬️	wind face	travel & places	sky & weather
🌀	cyclone	travel & places	sky & weather
🌈	rainbow	travel & places	sky & weather
🌂	closed umbrella	travel & places	sky & weather
☂️	umbrella	travel & places	sky & weather
☔	umbrella with rain drops	travel & places	sky & weather
⛱️	umbrella on ground	travel & places	sky & weather
⚡	high voltage	travel & places	sky & weather
❄️	snowflake	travel & places	sky & weather
☃️	snowman	travel & places	sky & weather
⛄	snowman without snow	travel & places	sky & weather
☄️	comet	travel & places	sky & weather
🔥	fire	travel & places	sky & weather
💧	droplet	travel & places	sky & weather
🌊	water wave	travel & places	sky & weather
🎃	jack-o-lantern	activities	event
🎄	Christmas tree	activities	event
🎆	fireworks	activities	event
🎇	sparkler	activities	event
🧨	firecracker	activities	event
✨	sparkles	activities	event
🎈	balloon	activities	event
🎉	party popper	activities	event
🎊	confetti ball	activities	event
🎋	tanabata tree	activities	event
🎍	pine decoration	activities	event
🎎	Japanese dolls	activities	event
🎏	carp streamer	activities	event
🎐	wind chime	activities	event
🎑	moon viewing ceremony	activities	event
🧧	red envelope	activities	event
🎀	ribbon	activities	event
🎁	wrapped gift	activities	event
🎗️	reminder ribbon	activities	event
🎟️	admission tickets	activities	event
🎫	ticket	activities	event
🎖️	military medal	activities	award-medal
🏆	trophy	activities	award-medal
🏅	sports medal	activities	award-medal
🥇	1st place medal	activities	award-medal
🥈	2nd place medal	activities	award-medal
🥉	3rd place medal	activities	award-medal
⚽	soccer ball	activities	sport
⚾	baseball	activities	sport
🥎	softball	activities	sport
🏀	basketball	activities	sport
🏐	volleyball	activities	sport
🏈	american football	activities	sport
🏉	rugby football	activities	sport
🎾	tennis	activities	sport
🥏	flying disc	activities	sport
🎳	bowling	activities	sport
🏏	cricket game	activities	sport
🏑	field hockey	activities	sport
🏒	ice hockey	activities	sport
🥍	lacrosse	activities	sport
🏓	ping pong	activities	sport
🏸	badminton	activities	sport
🥊	boxing glove	activities	sport
🥋	martial arts uniform	activities	sport
🥅	goal net	activities	sport
⛳	flag in hole	activities	sport
⛸️	ice skate	activities	sport
🎣	fishing pole	activities	sport
🤿	diving mask	activities	sport
🎽	running shirt	activities	sport
🎿	skis	activities	sport
🛷	sled	activities	sport
🥌	curling stone	activities	sport
🎯	bullseye	activities	game
🪀	yo-yo	activities	game
🪁	kite	activities	game
🔫	water pistol	activities	game
🎱	pool 8 ball	activities	game
🔮	crystal ball	activities	game
🪄	magic wand	activities	game
🎮	video game	activities	game
🕹️	joystick	activities	game
🎰	slot machine	activities	game
🎲	game die	activities	game
🧩	puzzle piece	activities	game
🧸	teddy bear	activities	game
🪅	piñata	activities	game
🪩	mirror ball	activities	game
🪆	nesting dolls	activities	game
♠️	spade suit	activities	game
♥️	heart suit	activities	game
♦️	diamond suit	activities	game
♣️	club suit	activities	game
♟️	chess pawn	activities	game
🃏	joker	activities	game
🀄	mahjong red dragon	activities	game
🎴	flower playing cards	activities	game
🎭	performing arts	activities	arts & crafts
🖼️	framed picture	activities	arts & crafts
🎨	artist palette	activities	arts & crafts
🧵	thread	activities	arts & crafts
🪡	sewing needle	activities	arts & crafts
🧶	yarn	activities	arts & crafts
🪢	knot	activities	arts & crafts
👓	glasses	objects	clothing
🕶️	sunglasses	objects	clothing
🥽	goggles	objects	clothing
🥼	lab coat	objects	clothing
🦺	safety vest	objects	clothing
👔	necktie	objects	clothing
👕	t-shirt	objects	clothing
👖	jeans	objects	clothing
🧣	scarf	objects	clothing
🧤	gloves	objects	clothing
🧥	coat	objects	clothing
🧦	socks	objects	clothing
👗	dress	objects	clothing
👘	kimono	objects	clothing
🥻	sari	objects	clothing
🩱	one-piece swimsuit	objects	clothing
🩲	briefs	objects	clothing
🩳	shorts	objects	clothing
👙	bikini	objects	clothing
👚	woman’s clothes	objects	clothing
🪭	folding hand fan	objects	clothing
👛	purse	objects	clothing
👜	handbag	objects	clothing
👝	clutch bag	objects	clothing
🛍️	shopping bags	objects	clothing
🎒	backpack	objects	clothing
🩴	thong sandal	objects	clothing
👞	man’s shoe	objects	clothing
👟	running shoe	objects	clothing
🥾	hiking boot	objects	clothing
🥿	flat shoe	objects	clothing
👠	high-heeled shoe	objects	clothing
👡	woman’s sandal	objects	clothing
🩰	ballet shoes	objects	clothing
👢	woman’s boot	objects	clothing
🪮	hair pick	objects	clothing
👑	crown	objects	clothing
👒	woman’s hat	objects	clothing
🎩	top hat	objects	clothing
🎓	graduation cap	objects	clothing
🧢	billed cap	objects	clothing
🪖	military helmet	objects	clothing
⛑️	rescue worker’s helmet	objects	clothing
📿	prayer beads	objects	clothing
💄	lipstick	objects	clothing
💍	ring	objects	clothing
💎	gem stone	objects	clothing
🔇	muted speaker	objects	sound
🔈	speaker low volume	objects	sound
🔉	speaker medium volume	objects	sound
🔊	speaker high volume	objects	sound
📢	loudspeaker	objects	sound
📣	megaphone	objects	sound
📯	postal horn	objects	sound
🔔	bell	objects	sound
🔕	bell with slash	objects	sound
🎼	musical score	objects	music
🎵	musical note	objects	music
🎶	musical notes	objects	music
🎙️	studio microphone	objects	music
🎚️	level slider	objects	music
🎛️	control knobs	objects	music
🎤	microphone	objects	music
🎧	headphone	objects	music
📻	radio	objects	music
🎷	saxophone	objects	musical-instrument
🎺	trumpet	objects	musical-instrument
🪊	trombone	objects	musical-instrument
🪗	accordion	objects	musical-instrument
🎸	guitar	objects	musical-instrument
🎹	musical keyboard	objects	musical-instrument
🎻	violin	objects	musical-instrument
🪕	banjo	objects	musical-instrument
🥁	drum	objects	musical-instrument
🪘	long drum	objects	musical-instrument
🪇	maracas	objects	musical-instrument
🪈	flute	objects	musical-instrument
🪉	harp	objects	musical-instrument
📱	mobile phone	objects	phone
📲	mobile phone with arrow	objects	phone
☎️	telephone	objects	phone
📞	telephone receiver	objects	phone
📟	pager	objects	phone
📠	fax machine	objects	phone
🔋	battery	objects	computer
🪫	low battery	objects	computer
🔌	electric plug	objects	computer
💻	laptop	objects	computer
🖥️	desktop computer	objects	computer
🖨️	printer	objects	computer
⌨️	keyboard	objects	computer
🖱️	computer mouse	objects	computer
🖲️	trackball	objects	computer
💽	computer disk	objects	computer
💾	floppy disk	objects	computer
💿	optical disk	objects	computer
📀	dvd	objects	computer
🧮	abacus	objects	computer
🎥	movie camera	objects	light & video
🎞️	film frames	objects	light & video
📽️	film projector	objects	light & video
🎬	clapper board	objects	light & video
📺	television	objects	light & video
📷	camera	objects	light & video
📸	camera with flash	objects	light & video
📹	video camera	objects	light & video
📼	videocassette	objects	light & video
🔍	magnifying glass tilted left	objects	light & video
🔎	magnifying glass tilted right	objects	light & video
🕯️	candle	objects	light & video
💡	light bulb	objects	light & video
🔦	flashlight	objects	light & video
🏮	red paper lantern	objects	light & video
🪔	diya lamp	objects	light & video
📔	notebook with decorative cover	objects	book-paper
📕	closed book	objects	book-paper
📖	open book	objects	book-paper
📗	green book	objects	book-paper
📘	blue book	objects	book-paper
📙	orange book	objects	book-paper
📚	books	objects	book-paper
📓	notebook	objects	book-paper
📒	ledger	objects	book-paper
📃	page with curl	objects	book-paper
📜	scroll	objects	book-paper
📄	page facing up	objects	book-paper
📰	newspaper	objects	book-paper
🗞️	rolled-up newspaper	objects	book-paper
📑	bookmark tabs	objects	book-paper
🔖	bookmark	objects	book-paper
🏷️	label	objects	book-paper
🪙	coin	objects	money
💰	money bag	objects	money
🪎	treasure chest	objects	money
💴	yen banknote	objects	money
💵	dollar banknote	objects	money
💶	euro banknote	objects	money
💷	pound banknote	objects	money
💸	money with wings	objects	money
💳	credit card	objects	money
🧾	receipt	objects	money
💹	chart increasing with yen	objects	money
✉️	envelope	objects	mail
📧	e-mail	objects	mail
📨	incoming envelope	objects	mail
📩	envelope with arrow	objects	mail
📤	outbox tray	objects	mail
📥	inbox tray	objects	mail
📦	package	objects	mail
📫	closed mailbox with raised flag	objects	mail
📪	closed mailbox with lowered flag	objects	mail
📬	open mailbox with raised flag	objects	mail
📭	open mailbox with lowered flag	objects	mail
📮	postbox	objects	mail
🗳️	ballot box with ballot	objects	mail
✏️	pencil	objects	writing
✒️	black nib	objects	writing
🖋️	fountain pen	objects	writing
🖊️	pen	objects	writing
🖌️	paintbrush	objects	writing
🖍️	crayon	objects	writing
📝	memo	objects	writing
💼	briefcase	objects	office
📁	file folder	objects	office
📂	open file folder	objects	office
🗂️	card index dividers	objects	office
📅	calendar	objects	office
📆	tear-off calendar	objects	office
🗒️	spiral notepad	objects	office
🗓️	spiral calendar	objects	office
📇	card index	objects	office
📈	chart increasing	objects	office
📉	chart decreasing	objects	office
📊	bar chart	objects	office
📋	clipboard	objects	office
📌	pushpin	objects	office
📍	round pushpin	objects	office
📎	paperclip	objects	office
🖇️	linked paperclips	objects	office
📏	straight ruler	objects	office
📐	triangular ruler	objects	office
✂️	scissors	objects	office
🗃️	card file box	objects	office
🗄️	file cabinet	objects	office
🗑️	wastebasket	objects	office
🔒	locked	objects	lock
🔓	unlocked	objects	lock
🔏	locked with pen	objects	lock
🔐	locked with key	objects	lock
🔑	key	objects	lock
🗝️	old key	objects	lock
🔨	hammer	objects	tool
🪓	axe	objects	tool
⛏️	pick	objects	tool
⚒️	hammer and pick	objects	tool
🛠️	hammer and wrench	objects	tool
🗡️	dagger	objects	tool
⚔️	crossed swords	objects	tool
💣	bomb	objects	tool
🪃	boomerang	objects	tool
🏹	bow and arrow	objects	tool
🛡️	shield	objects	tool
🪚	carpentry saw	objects	tool
🔧	wrench	objects	tool
🪛	screwdriver	objects	tool
🔩	nut and bolt	objects	tool
⚙️	gear	objects	tool
🗜️	clamp	objects	tool
⚖️	balance scale	objects	tool
🦯	white cane	objects	tool
🔗	link	objects	tool
⛓️‍💥	broken chain	objects	tool
⛓️	chains	objects	tool
🪝	hook	objects	tool
🧰	toolbox	objects	tool
🧲	magnet	objects	tool
🪜	ladder	objects	tool
🪏	shovel	objects	tool
⚗️	alembic	objects	science
🧪	test tube	objects	science
🧫	petri dish	objects	science
🧬	dna	objects	science
🔬	microscope	objects	science
🔭	telescope	objects	science
📡	satellite antenna	objects	science
💉	syringe	objects	medical
🩸	drop of blood	objects	medical
💊	pill	objects	medical
🩹	adhesive bandage	objects	medical
🩼	crutch	objects	medical
🩺	stethoscope	objects	medical
🩻	x-ray	objects	medical
🚪	door	objects	household
🛗	elevator	objects	household
🪞	mirror	objects	household
🪟	window	objects	household
🛏️	bed	objects	household
🛋️	couch and lamp	objects	household
🪑	chair	objects	household
🚽	toilet	objects	household
🪠	plunger	objects	household
🚿	shower	objects	household
🛁	bathtub	objects	household
🪤	mouse trap	objects	household
🪒	razor	objects	household
🧴	lotion bottle	objects	household
🧷	safety pin	objects	household
🧹	broom	objects	household
🧺	basket	objects	household
🧻	roll of paper	objects	household
🪣	bucket	objects	household
🧼	soap	objects	household
🫧	bubbles	objects	household
🪥	toothbrush	objects	household
🧽	sponge	objects	household
🧯	fire extinguisher	objects	household
🛒	shopping cart	objects	household
🚬	cigarette	objects	other-object
⚰️	coffin	objects	other-object
🪦	headstone	objects	other-object
⚱️	funeral urn	objects	other-object
🧿	nazar amulet	objects	other-object
🪬	hamsa	objects	other-object
🗿	moai	objects	other-object
🪧	placard	objects	other-object
🪪	identification card	objects	other-object
🏧	ATM sign	symbols	transport-sign
🚮	litter in bin sign	symbols	transport-sign
🚰	potable water	symbols	transport-sign
♿	wheelchair symbol	symbols	transport-sign
🚹	men’s room	symbols	transport-sign
🚺	women’s room	symbols	transport-sign
🚻	restroom	symbols	transport-sign
🚼	baby symbol	symbols	transport-sign
🚾	water closet	symbols	transport-sign
🛂	passport control	symbols	transport-sign
🛃	customs	symbols	transport-sign
🛄	baggage claim	symbols	transport-sign
🛅	left luggage	symbols	transport-sign
⚠️	warning	symbols	warning
🚸	children crossing	symbols	warning
⛔	no entry	symbols	warning
🚫	prohibited	symbols	warning
🚳	no bicycles	symbols	warning
🚭	no smoking	symbols	warning
🚯	no littering	symbols	warning
🚱	non-potable water	symbols	warning
🚷	no pedestrians	symbols	warning
📵	no mobile phones	symbols	warning
🔞	no one under eighteen	symbols	warning
☢️	radioactive	symbols	warning
☣️	biohazard	symbols	warning
⬆️	up arrow	symbols	arrow
↗️	up-right arrow	symbols	arrow
➡️	right arrow	symbols	arrow
↘️	down-right arrow	symbols	arrow
⬇️	down arrow	symbols	arrow
↙️	down-left arrow	symbols	arrow
⬅️	left arrow	symbols	arrow
↖️	up-left arrow	symbols	arrow
↕️	up-down arrow	symbols	arrow
↔️	left-right arrow	symbols	arrow
↩️	right arrow curving left	symbols	arrow
↪️	left arrow curving right	symbols	arrow
⤴️	right arrow curving up	symbols	arrow
⤵️	right arrow curving down	symbols	arrow
🔃	clockwise vertical arrows	symbols	arrow
🔄	counterclockwise arrows button	symbols	arrow
🔙	BACK arrow	symbols	arrow
🔚	END arrow	symbols	arrow
🔛	ON! arrow	symbols	arrow
🔜	SOON arrow	symbols	arrow
🔝	TOP arrow	symbols	arrow
🛐	place of worship	symbols	religion
⚛️	atom symbol	symbols	religion
🕉️	om	symbols	religion
✡️	star of David	symbols	religion
☸️	wheel of dharma	symbols	religion
☯️	yin yang	symbols	religion
✝️	latin cross	symbols	religion
☦️	orthodox cross	symbols	religion
☪️	star and crescent	symbols	religion
☮️	peace symbol	symbols	religion
🕎	menorah	symbols	religion
🔯	dotted six-pointed star	symbols	religion
🪯	khanda	symbols	religion
♈	Aries	symbols	zodiac
♉	Taurus	symbols	zodiac
♊	Gemini	symbols	zodiac
♋	Cancer	symbols	zodiac
♌	Leo	symbols	zodiac
♍	Virgo	symbols	zodiac
♎	Libra	symbols	zodiac
♏	Scorpio	symbols	zodiac
♐	Sagittarius	symbols	zodiac
♑	Capricorn	symbols	zodiac
♒	Aquarius	symbols	zodiac
♓	Pisces	symbols	zodiac
⛎	Ophiuchus	symbols	zodiac
🔀	shuffle tracks button	symbols	av-symbol
🔁	repeat button	symbols	av-symbol
🔂	repeat single button	symbols	av-symbol
▶️	play button	symbols	av-symbol
⏩	fast-forward button	symbols	av-symbol
⏭️	next track button	symbols	av-symbol
⏯️	play or pause button	symbols	av-symbol
◀️	reverse button	symbols	av-symbol
⏪	fast reverse button	symbols	av-symbol
⏮️	last track button	symbols	av-symbol
🔼	upwards button	symbols	av-symbol
⏫	fast up button	symbols	av-symbol
🔽	downwards button	symbols	av-symbol
⏬	fast down button	symbols	av-symbol
⏸️	pause button	symbols	av-symbol
⏹️	stop button	symbols	av-symbol
⏺️	record button	symbols	av-symbol
⏏️	eject button	symbols	av-symbol
🎦	cinema	symbols	av-symbol
🔅	dim button	symbols	av-symbol
🔆	bright button	symbols	av-symbol
📶	antenna bars	symbols	av-symbol
🛜	wireless	symbols	av-symbol
📳	vibration mode	symbols	av-symbol
📴	mobile phone off	symbols	av-symbol
♀️	female sign	symbols	gender
♂️	male sign	symbols	gender
⚧️	transgender symbol	symbols	gender
✖️	multiply	symbols	math
➕	plus	symbols	math
➖	minus	symbols	math
➗	divide	symbols	math
🟰	heavy equals sign	symbols	math
♾️	infinity	symbols	math
‼️	double exclamation mark	symbols	punctuation
⁉️	exclamation question mark	symbols	punctuation
❓	red question mark	symbols	punctuation
❔	white question mark	symbols	punctuation
❕	white exclamation mark	symbols	punctuation
❗	red exclamation mark	symbols	punctuation
〰️	wavy dash	symbols	punctuation
💱	currency exchange	symbols	currency
💲	heavy dollar sign	symbols	currency
⚕️	medical symbol	symbols	other-symbol
♻️	recycling symbol	symbols	other-symbol
⚜️	fleur-de-lis	symbols	other-symbol
🔱	trident emblem	symbols	other-symbol
📛	name badge	symbols	other-symbol
🔰	Japanese symbol for beginner	symbols	other-symbol
⭕	hollow red circle	symbols	other-symbol
✅	check mark button	symbols	other-symbol
☑️	check box with check	symbols	other-symbol
✔️	check mark	symbols	other-symbol
❌	cross mark	symbols	other-symbol
❎	cross mark button	symbols	other-symbol
➰	curly loop	symbols	other-symbol
➿	double curly loop	symbols	other-symbol
〽️	part alternation mark	symbols	other-symbol
✳️	eight-spoked asterisk	symbols	other-symbol
✴️	eight-pointed star	symbols	other-symbol
❇️	sparkle	symbols	other-symbol
©️	copyright	symbols	other-symbol
®️	registered	symbols	other-symbol
™️	trade mark	symbols	other-symbol
🫟	splatter	symbols	other-symbol
#️⃣	keycap: #	symbols	keycap
*️⃣	keycap: *	symbols	keycap
0️⃣	keycap: 0	symbols	keycap
1️⃣	keycap: 1	symbols	keycap
2️⃣	keycap: 2	symbols	keycap
3️⃣	keycap: 3	symbols	keycap
4️⃣	keycap: 4	symbols	keycap
5️⃣	keycap: 5	symbols	keycap
6️⃣	keycap: 6	symbols	keycap
7️⃣	keycap: 7	symbols	keycap
8️⃣	keycap: 8	symbols	keycap
9️⃣	keycap: 9	symbols	keycap
🔟	keycap: 10	symbols	keycap
🔠	input latin uppercase	symbols	alphanum
🔡	input latin lowercase	symbols	alphanum
🔢	input numbers	symbols	alphanum
🔣	input symbols	symbols	alphanum
🔤	input latin letters	symbols	alphanum
🅰️	A button (blood type)	symbols	alphanum
🆎	AB button (blood type)	symbols	alphanum
🅱️	B button (blood type)	symbols	alphanum
🆑	CL button	symbols	alphanum
🆒	COOL button	symbols	alphanum
🆓	FREE button	symbols	alphanum
ℹ️	information	symbols	alphanum
🆔	ID button	symbols	alphanum
Ⓜ️	circled M	symbols	alphanum
🆕	NEW button	symbols	alphanum
🆖	NG button	symbols	alphanum
🅾️	O button (blood type)	symbols	alphanum
🆗	OK button	symbols	alphanum
🅿️	P button	symbols	alphanum
🆘	SOS button	symbols	alphanum
🆙	UP! button	symbols	alphanum
🆚	VS button	symbols	alphanum
🈁	Japanese “here” button	symbols	alphanum
🈂️	Japanese “service charge” button	symbols	alphanum
🈷️	Japanese “monthly amount” button	symbols	alphanum
🈶	Japanese “not free of charge” button	symbols	alphanum
🈯	Japanese “reserved” button	symbols	alphanum
🉐	Japanese “bargain” button	symbols	alphanum
🈹	Japanese “discount” button	symbols	alphanum
🈚	Japanese “free of charge” button	symbols	alphanum
🈲	Japanese “prohibited” button	symbols	alphanum
🉑	Japanese “acceptable” button	symbols	alphanum
🈸	Japanese “application” button	symbols	alphanum
🈴	Japanese “passing grade” button	symbols	alphanum
🈳	Japanese “vacancy” button	symbols	alphanum
㊗️	Japanese “congratulations” button	symbols	alphanum
㊙️	Japanese “secret” button	symbols	alphanum
🈺	Japanese “open for business” button	symbols	alphanum
🈵	Japanese “no vacancy” button	symbols	alphanum
🔴	red circle	symbols	geometric
🟠	orange circle	symbols	geometric
🟡	yellow circle	symbols	geometric
🟢	green circle	symbols	geometric
🔵	blue circle	symbols	geometric
🟣	purple circle	symbols	geometric
🟤	brown circle	symbols	geometric
⚫	black circle	symbols	geometric
⚪	white circle	symbols	geometric
🟥	red square	symbols	geometric
🟧	orange square	symbols	geometric
🟨	yellow square	symbols	geometric
🟩	green square	symbols	geometric
🟦	blue square	symbols	geometric
🟪	purple square	symbols	geometric
🟫	brown square	symbols	geometric
⬛	black large square	symbols	geometric
⬜	white large square	symbols	geometric
◼️	black medium square	symbols	geometric
◻️	white medium square	symbols	geometric
◾	black medium-small square	symbols	geometric
◽	white medium-small square	symbols	geometric
▪️	black small square	symbols	geometric
▫️	white small square	symbols	geometric
🔶	large orange diamond	symbols	geometric
🔷	large blue diamond	symbols	geometric
🔸	small orange diamond	symbols	geometric
🔹	small blue diamond	symbols	geometric
🔺	red triangle pointed up	symbols	geometric
🔻	red triangle pointed down	symbols	geometric
💠	diamond with a dot	symbols	geometric
🔘	radio button	symbols	geometric
🔳	white square button	symbols	geometric
🔲	black square button	symbols	geometric
🏁	chequered flag	flags	flag
🚩	triangular flag	flags	flag
🎌	crossed flags	flags	flag
🏴	black flag	flags	flag
🏳️	white flag	flags	flag
🏳️‍🌈	rainbow flag	flags	flag
🏳️‍⚧️	transgender flag	flags	flag
🏴‍☠️	pirate flag	flags	flag
🇦🇨	flag: Ascension Island	flags	country-flag
🇦🇩	flag: Andorra	flags	country-flag
🇦🇪	flag: United Arab Emirates	flags	country-flag
🇦🇫	flag: Afghanistan	flags	country-flag
🇦🇬	flag: Antigua & Barbuda	flags	country-flag
🇦🇮	flag: Anguilla	flags	country-flag
🇦🇱	flag: Albania	flags	country-flag
🇦🇲	flag: Armenia	flags	country-flag
🇦🇴	flag: Angola	flags	country-flag
🇦🇶	flag: Antarctica	flags	country-flag
🇦🇷	flag: Argentina	flags	country-flag
🇦🇸	flag: American Samoa	flags	country-flag
🇦🇹	flag: Austria	flags	country-flag
🇦🇺	flag: Australia	flags	country-flag
🇦🇼	flag: Aruba	flags	country-flag
🇦🇽	flag: Åland Islands	flags	country-flag
🇦🇿	flag: Azerbaijan	flags	country-flag
🇧🇦	flag: Bosnia & Herzegovina	flags	country-flag
🇧🇧	flag: Barbados	flags	country-flag
🇧🇩	flag: Bangladesh	flags	country-flag
🇧🇪	flag: Belgium	flags	country-flag
🇧🇫	flag: Burkina Faso	flags	country-flag
🇧🇬	flag: Bulgaria	flags	country-flag
🇧🇭	flag: Bahrain	flags	country-flag
🇧🇮	flag: Burundi	flags	country-flag
🇧🇯	flag: Benin	flags	country-flag
🇧🇱	flag: St. Barthélemy	flags	country-flag
🇧🇲	flag: Bermuda	flags	country-flag
🇧🇳	flag: Brunei	flags	country-flag
🇧🇴	flag: Bolivia	flags	country-flag
🇧🇶	flag: Caribbean Netherlands	flags	country-flag
🇧🇷	flag: Brazil	flags	country-flag
🇧🇸	flag: Bahamas	flags	country-flag
🇧🇹	flag: Bhutan	flags	country-flag
🇧🇻	flag: Bouvet Island	flags	country-flag
🇧🇼	flag: Botswana	flags	country-flag
🇧🇾	flag: Belarus	flags	country-flag
🇧🇿	flag: Belize	flags	country-flag
🇨🇦	flag: Canada	flags	country-flag
🇨🇨	flag: Cocos (Keeling) Islands	flags	country-flag
🇨🇩	flag: Congo - Kinshasa	flags	country-flag
🇨🇫	flag: Central African Republic	flags	country-flag
🇨🇬	flag: Congo - Brazzaville	flags	country-flag
🇨🇭	flag: Switzerland	flags	country-flag
🇨🇮	flag: Côte d’Ivoire	flags	country-flag
🇨🇰	flag: Cook Islands	flags	country-flag
🇨🇱	flag: Chile	flags	country-flag
🇨🇲	flag: Cameroon	flags	country-flag
🇨🇳	flag: China	flags	country-flag
🇨🇴	flag: Colombia	flags	country-flag
🇨🇵	flag: Clipperton Island	flags	country-flag
🇨🇶	flag: Sark	flags	country-flag
🇨🇷	flag: Costa Rica	flags	country-flag
🇨🇺	flag: Cuba	flags	country-flag
🇨🇻	flag: Cape Verde	flags	country-flag
🇨🇼	flag: Curaçao	flags	country-flag
🇨🇽	flag: Christmas Island	flags	country-flag
🇨🇾	flag: Cyprus	flags	country-flag
🇨🇿	flag: Czechia	flags	country-flag
🇩🇪	flag: Germany	flags	country-flag
🇩🇬	flag: Diego Garcia	flags	country-flag
🇩🇯	flag: Djibouti	flags	country-flag
🇩🇰	flag: Denmark	flags	country-flag
🇩🇲	flag: Dominica	flags	country-flag
🇩🇴	flag: Dominican Republic	flags	country-flag
🇩🇿	flag: Algeria	flags	country-flag
🇪🇦	flag: Ceuta & Melilla	flags	country-flag
🇪🇨	flag: Ecuador	flags	country-flag
🇪🇪	flag: Estonia	flags	country-flag
🇪🇬	flag: Egypt	flags	country-flag
🇪🇭	flag: Western Sahara	flags	country-flag
🇪🇷	flag: Eritrea	flags	country-flag
🇪🇸	flag: Spain	flags	country-flag
🇪🇹	flag: Ethiopia	flags	country-flag
🇪🇺	flag: European Union	flags	country-flag
🇫🇮	flag: Finland	flags	country-flag
🇫🇯	flag: Fiji	flags	country-flag
🇫🇰	flag: Falkland Islands	flags	country-flag
🇫🇲	flag: Micronesia	flags	country-flag
🇫🇴	flag: Faroe Islands	flags	country-flag
🇫🇷	flag: France	flags	country-flag
🇬🇦	flag: Gabon	flags	country-flag
🇬🇧	flag: United Kingdom	flags	country-flag
🇬🇩	flag: Grenada	flags	country-flag
🇬🇪	flag: Georgia	flags	country-flag
🇬🇫	flag: French Guiana	flags	country-flag
🇬🇬	flag: Guernsey	flags	country-flag
🇬🇭	flag: Ghana	flags	country-flag
🇬🇮	flag: Gibraltar	flags	country-flag
🇬🇱	flag: Greenland	flags	country-flag
🇬🇲	flag: Gambia	flags	country-flag
🇬🇳	flag: Guinea	flags	country-flag
🇬🇵	flag: Guadeloupe	flags	country-flag
🇬🇶	flag: Equatorial Guinea	flags	country-flag
🇬🇷	flag: Greece	flags	country-flag
🇬🇸	flag: South Georgia & South Sandwich Islands	flags	country-flag
🇬🇹	flag: Guatemala	flags	country-flag
🇬🇺	flag: Guam	flags	country-flag
🇬🇼	flag: Guinea-Bissau	flags	country-flag
🇬🇾	flag: Guyana	flags	country-flag
🇭🇰	flag: Hong Kong SAR China	flags	country-flag
🇭🇲	flag: Heard & McDonald Islands	flags	country-flag
🇭🇳	flag: Honduras	flags	country-flag
🇭🇷	flag: Croatia	flags	country-flag
🇭🇹	flag: Haiti	flags	country-flag
🇭🇺	flag: Hungary	flags	country-flag
🇮🇨	flag: Canary Islands	flags	country-flag
🇮🇩	flag: Indonesia	flags	country-flag
🇮🇪	flag: Ireland	flags	country-flag
🇮🇱	flag: Israel	flags	country-flag
🇮🇲	flag: Isle of Man	flags	country-flag
🇮🇳	flag: India	flags	country-flag
🇮🇴	flag: British Indian Ocean Territory	flags	country-flag
🇮🇶	flag: Iraq	flags	country-flag
🇮🇷	flag: Iran	flags	country-flag
🇮🇸	flag: Iceland	flags	country-flag
🇮🇹	flag: Italy	flags	country-flag
🇯🇪	flag: Jersey	flags	country-flag
🇯🇲	flag: Jamaica	flags	country-flag
🇯🇴	flag: Jordan	flags	country-flag
🇯🇵	flag: Japan	flags	country-flag
🇰🇪	flag: Kenya	flags	country-flag
🇰🇬	flag: Kyrgyzstan	flags	country-flag
🇰🇭	flag: Cambodia	flags	country-flag
🇰🇮	flag: Kiribati	flags	country-flag
🇰🇲	flag: Comoros	flags	country-flag
🇰🇳	flag: St. Kitts & Nevis	flags	country-flag
🇰🇵	flag: North Korea	flags	country-flag
🇰🇷	flag: South Korea	flags	country-flag
🇰🇼	flag: Kuwait	flags	country-flag
🇰🇾	flag: Cayman Islands	flags	country-flag
🇰🇿	flag: Kazakhstan	flags	country-flag
🇱🇦	flag: Laos	flags	country-flag
🇱🇧	flag: Lebanon	flags	country-flag
🇱🇨	flag: St. Lucia	flags	country-flag
🇱🇮	flag: Liechtenstein	flags	country-flag
🇱🇰	flag: Sri Lanka	flags	country-flag
🇱🇷	flag: Liberia	flags	country-flag
🇱🇸	flag: Lesotho	flags	country-flag
🇱🇹	flag: Lithuania	flags	country-flag
🇱🇺	flag: Luxembourg	flags	country-flag
🇱🇻	flag: Latvia	flags	country-flag
🇱🇾	flag: Libya	flags	country-flag
🇲🇦	flag: Morocco	flags	country-flag
🇲🇨	flag: Monaco	flags	country-flag
🇲🇩	flag: Moldova	flags	country-flag
🇲🇪	flag: Montenegro	flags	country-flag
🇲🇫	flag: St. Martin	flags	country-flag
🇲🇬	flag: Madagascar	flags	country-flag
🇲🇭	flag: Marshall Islands	flags	country-flag
🇲🇰	flag: North Macedonia	flags	country-flag
🇲🇱	flag: Mali	flags	country-flag
🇲🇲	flag: Myanmar (Burma)	flags	country-flag
🇲🇳	flag: Mongolia	flags	country-flag
🇲🇴	flag: Macao SAR China	flags	country-flag
🇲🇵	flag: Northern Mariana Islands	flags	country-flag
🇲🇶	flag: Martinique	flags	country-flag
🇲🇷	flag: Mauritania	flags	country-flag
🇲🇸	flag: Montserrat	flags	country-flag
🇲🇹	flag: Malta	flags	country-flag
🇲🇺	flag: Mauritius	flags	country-flag
🇲🇻	flag: Maldives	flags	country-flag
🇲🇼	flag: Malawi	flags	country-flag
🇲🇽	flag: Mexico	flags	country-flag
🇲🇾	flag: Malaysia	flags	country-flag
🇲🇿	flag: Mozambique	flags	country-flag
🇳🇦	flag: Namibia	flags	country-flag
🇳🇨	flag: New Caledonia	flags	country-flag
🇳🇪	flag: Niger	flags	country-flag
🇳🇫	flag: Norfolk Island	flags	country-flag
🇳🇬	flag: Nigeria	flags	country-flag
🇳🇮	flag: Nicaragua	flags	country-flag
🇳🇱	flag: Netherlands	flags	country-flag
🇳🇴	flag: Norway	flags	country-flag
🇳🇵	flag: Nepal	flags	country-flag
🇳🇷	flag: Nauru	flags	country-flag
🇳🇺	flag: Niue	flags	country-flag
🇳🇿	flag: New Zealand	flags	country-flag
🇴🇲	flag: Oman	flags	country-flag
🇵🇦	flag: Panama	flags	country-flag
🇵🇪	flag: Peru	flags	country-flag
🇵🇫	flag: French Polynesia	flags	country-flag
🇵🇬	flag: Papua New Guinea	flags	country-flag
🇵🇭	flag: Philippines	flags	country-flag
🇵🇰	flag: Pakistan	flags	country-flag
🇵🇱	flag: Poland	flags	country-flag
🇵🇲	flag: St. Pierre & Miquelon	flags	country-flag
🇵🇳	flag: Pitcairn Islands	flags	country-flag
🇵🇷	flag: Puerto Rico	flags	country-flag
🇵🇸	flag: Palestinian Territories	flags	country-flag
🇵🇹	flag: Portugal	flags	country-flag
🇵🇼	flag: Palau	flags	country-flag
🇵🇾	flag: Paraguay	flags	country-flag
🇶🇦	flag: Qatar	flags	country-flag
🇷🇪	flag: Réunion	flags	country-flag
🇷🇴	flag: Romania	flags	country-flag
🇷🇸	flag: Serbia	flags	country-flag
🇷🇺	flag: Russia	flags	country-flag
🇷🇼	flag: Rwanda	flags	country-flag
🇸🇦	flag: Saudi Arabia	flags	country-flag
🇸🇧	flag: Solomon Islands	flags	country-flag
🇸🇨	flag: Seychelles	flags	country-flag
🇸🇩	flag: Sudan	flags	country-flag
🇸🇪	flag: Sweden	flags	country-flag
🇸🇬	flag: Singapore	flags	country-flag
🇸🇭	flag: St. Helena	flags	country-flag
🇸🇮	flag: Slovenia	flags	country-flag
🇸🇯	flag: Svalbard & Jan Mayen	flags	country-flag
🇸🇰	flag: Slovakia	flags	country-flag
🇸🇱	flag: Sierra Leone	flags	country-flag
🇸🇲	flag: San Marino	flags	country-flag
🇸🇳	flag: Senegal	flags	country-flag
🇸🇴	flag: Somalia	flags	country-flag
🇸🇷	flag: Suriname	flags	country-flag
🇸🇸	flag: South Sudan	flags	country-flag
🇸🇹	flag: São Tomé & Príncipe	flags	country-flag
🇸🇻	flag: El Salvador	flags	country-flag
🇸🇽	flag: Sint Maarten	flags	country-flag
🇸🇾	flag: Syria	flags	country-flag
🇸🇿	flag: Eswatini	flags	country-flag
🇹🇦	flag: Tristan da Cunha	flags	country-flag
🇹🇨	flag: Turks & Caicos Islands	flags	country-flag
🇹🇩	flag: Chad	flags	country-flag
🇹🇫	flag: French Southern Territories	flags	country-flag
🇹🇬	flag: Togo	flags	country-flag
🇹🇭	flag: Thailand	flags	country-flag
🇹🇯	flag: Tajikistan	flags	country-flag
🇹🇰	flag: Tokelau	flags	country-flag
🇹🇱	flag: Timor-Leste	flags	country-flag
🇹🇲	flag: Turkmenistan	flags	country-flag
🇹🇳	flag: Tunisia	flags	country-flag
🇹🇴	flag: Tonga	flags	country-flag
🇹🇷	flag: Türkiye	flags	country-flag
🇹🇹	flag: Trinidad & Tobago	flags	country-flag
🇹🇻	flag: Tuvalu	flags	country-flag
🇹🇼	flag: Taiwan	flags	country-flag
🇹🇿	flag: Tanzania	flags	country-flag
🇺🇦	flag: Ukraine	flags	country-flag
🇺🇬	flag: Uganda	flags	country-flag
🇺🇲	flag: U.S. Outlying Islands	flags	country-flag
🇺🇳	flag: United Nations	flags	country-flag
🇺🇸	flag: United States	flags	country-flag
🇺🇾	flag: Uruguay	flags	country-flag
🇺🇿	flag: Uzbekistan	flags	country-flag
🇻🇦	flag: Vatican City	flags	country-flag
🇻🇨	flag: St. Vincent & Grenadines	flags	country-flag
🇻🇪	flag: Venezuela	flags	country-flag
🇻🇬	flag: British Virgin Islands	flags	country-flag
🇻🇮	flag: U.S. Virgin Islands	flags	country-flag
🇻🇳	flag: Vietnam	flags	country-flag
🇻🇺	flag: Vanuatu	flags	country-flag
🇼🇫	flag: Wallis & Futuna	flags	country-flag
🇼🇸	flag: Samoa	flags	country-flag
🇽🇰	flag: Kosovo	flags	country-flag
🇾🇪	flag: Yemen	flags	country-flag
🇾🇹	flag: Mayotte	flags	country-flag
🇿🇦	flag: South Africa	flags	country-flag
🇿🇲	flag: Zambia	flags	country-flag
🇿🇼	flag: Zimbabwe	flags	country-flag
🏴󠁧󠁢󠁥󠁮󠁧󠁿	flag: England	flags	subdivision-flag
🏴󠁧󠁢󠁳󠁣󠁴󠁿	flag: Scotland	flags	subdivision-flag
🏴󠁧󠁢󠁷󠁬󠁳󠁿	flag: Wales	flags	subdivision-flag
